,ann_id,scan_id,nodule_diameter
0,129,19,8.156489460086368
1,130,19,6.987712429686843
2,131,19,11.71875
3,132,19,8.907620508587016
4,133,19,8.156489460086368
5,134,19,7.411588266019639
6,135,19,9.536371574791955
