,ann_id,scan_id,nodule_diameter
0,125,18,20.684691085740198
1,91,14,13.35371188082773
2,92,14,14.674187158070445
3,94,14,14.32613318693916
4,95,14,11.943923006990945
5,96,14,15.324692828668889
6,97,14,13.150601764839804
7,98,14,27.99896820609218
8,100,14,14.788384889392074
9,101,14,15.60750022900938
10,138,21,8.789060000000006
11,139,21,11.560203542006898
12,140,21,10.249717212181785
13,141,21,7.560635291155332
14,142,21,9.506821947938858
15,143,21,9.342898935687327
