,original_spacing_x,original_spacing_y,original_spacing_z,original_size_z,original_size_x,original_size_y,new_size_z,new_size_x,new_size_y
0,0.822266,0.822266,1.25,241,512,512,301,421,421
1,0.664062,0.664062,2.5,133,512,512,332,340,340
2,0.625,0.625,2.5,133,512,512,332,320,320
3,0.78125,0.78125,1.25,256,512,512,320,400,400
4,0.742188,0.742188,2.5,128,512,512,320,380,380
5,0.742188,0.742188,2.5,128,512,512,320,380,380
